Photo_ID,Date,Year,Primary_Condition,Public_Condition,Overall_Score,Curation_Status,Confidence,Sequence_ID,Reason
TPC-00001,2021-07-02,2021,UNKNOWN,the-things-i-didnt-go-looking-for,8.1,CURATED,MEDIUM,,"The unplanned encounter is photographically resolved through colour, form, timing or visual surprise."
TPC-00002,2021-07-04,2021,UNKNOWN,nothing-happened-here,6.8,ARCHIVE_ONLY,MEDIUM,,Valid TPC evidence retained privately; below the 8.0 public threshold or redundant beside a stronger photograph in the same year and Condition.
TPC-00003,2021-07-04,2021,UNKNOWN,while-we-were-here,8.3,SEQUENCE_MEMBER,MEDIUM,SEQ-COPRESENCE-2021-01,"Timing, gesture and spatial relationships make co-presence visually active rather than merely populated."
TPC-00004,2021-07-04,2021,UNKNOWN,while-we-were-here,8.3,SEQUENCE_MEMBER,MEDIUM,SEQ-COPRESENCE-2021-01,"Timing, gesture and spatial relationships make co-presence visually active rather than merely populated."
TPC-00005,2021-07-04,2021,UNKNOWN,nothing-happened-here,8.4,CURATED,HIGH,SEQ-CANDIDATE-001,"The unoccupied scene sustains attention through light, spatial tension and a palpable sense of witnessed quiet."
TPC-00006,2021-07-04,2021,UNKNOWN,nothing-happened-here,5.4,ARCHIVE_ONLY,MEDIUM,SEQ-CANDIDATE-001,Valid TPC evidence retained privately; below the 8.0 public threshold or redundant beside a stronger photograph in the same year and Condition.
TPC-00007,2021-07-09,2021,UNKNOWN,nothing-happened-here,5.3,ARCHIVE_ONLY,MEDIUM,,Valid TPC evidence retained privately; below the 8.0 public threshold or redundant beside a stronger photograph in the same year and Condition.
TPC-00008,2021-07-10,2021,UNKNOWN,between-places,5.3,ARCHIVE_ONLY,MEDIUM,SEQ-CANDIDATE-002,Valid TPC evidence retained privately; below the 8.0 public threshold or redundant beside a stronger photograph in the same year and Condition.
TPC-00009,2021-07-10,2021,UNKNOWN,the-things-i-didnt-go-looking-for,5.3,ARCHIVE_ONLY,MEDIUM,SEQ-CANDIDATE-002,Valid TPC evidence retained privately; below the 8.0 public threshold or redundant beside a stronger photograph in the same year and Condition.
TPC-00011,2021-07-10,2021,UNKNOWN,while-we-were-here,8.1,CURATED,MEDIUM,,"Timing, gesture and spatial relationships make co-presence visually active rather than merely populated."
TPC-00012,2021-07-10,2021,UNKNOWN,between-places,6.7,ARCHIVE_ONLY,MEDIUM,,Valid TPC evidence retained privately; below the 8.0 public threshold or redundant beside a stronger photograph in the same year and Condition.
TPC-00013,2021-07-12,2021,UNKNOWN,while-we-were-here,6.0,ARCHIVE_ONLY,MEDIUM,SEQ-CANDIDATE-003,Valid TPC evidence retained privately; below the 8.0 public threshold or redundant beside a stronger photograph in the same year and Condition.
TPC-00014,2021-07-12,2021,UNKNOWN,,6.7,ARCHIVE_ONLY,MEDIUM,SEQ-CANDIDATE-003,Valid TPC evidence retained privately; below the 8.0 public threshold or redundant beside a stronger photograph in the same year and Condition.
TPC-00015,2021-07-12,2021,UNKNOWN,nothing-happened-here,6.0,ARCHIVE_ONLY,MEDIUM,SEQ-CANDIDATE-003,Valid TPC evidence retained privately; below the 8.0 public threshold or redundant beside a stronger photograph in the same year and Condition.
TPC-00016,2021-07-13,2021,UNKNOWN,things-that-existed-for-me,6.0,ARCHIVE_ONLY,MEDIUM,,Valid TPC evidence retained privately; below the 8.0 public threshold or redundant beside a stronger photograph in the same year and Condition.
TPC-00017,2021-07-14,2021,UNKNOWN,,6.7,ARCHIVE_ONLY,MEDIUM,,Valid TPC evidence retained privately; below the 8.0 public threshold or redundant beside a stronger photograph in the same year and Condition.
TPC-00018,2021-07-16,2021,UNKNOWN,things-that-existed-for-me,6.0,ARCHIVE_ONLY,MEDIUM,SEQ-CANDIDATE-004,Valid TPC evidence retained privately; below the 8.0 public threshold or redundant beside a stronger photograph in the same year and Condition.
TPC-00019,2021-07-16,2021,UNKNOWN,things-that-existed-for-me,6.0,ARCHIVE_ONLY,MEDIUM,SEQ-CANDIDATE-004,Valid TPC evidence retained privately; below the 8.0 public threshold or redundant beside a stronger photograph in the same year and Condition.
TPC-00020,2021-07-18,2021,UNKNOWN,something-happened-here,5.3,ARCHIVE_ONLY,MEDIUM,,Valid TPC evidence retained privately; below the 8.0 public threshold or redundant beside a stronger photograph in the same year and Condition.
TPC-00021,2021-07-22,2021,CROSSING,between-places,8.4,CURATED,HIGH,,"The transitional space is made visually purposeful through direction, rhythm, depth or movement."
TPC-00022,2021-07-23,2021,UNKNOWN,things-that-existed-for-me,8.5,CURATED,HIGH,,The framing gives a clear visual reason for attention to stop and contributes a distinct atmosphere or geometry.
TPC-00023,2021-07-23,2021,UNKNOWN,while-we-were-here,8.6,CURATED,HIGH,,"Timing, gesture and spatial relationships make co-presence visually active rather than merely populated."
TPC-00024,2021-07-24,2021,UNKNOWN,something-happened-here,5.3,ARCHIVE_ONLY,MEDIUM,,Valid TPC evidence retained privately; below the 8.0 public threshold or redundant beside a stronger photograph in the same year and Condition.
TPC-00025,2021-07-24,2021,UNKNOWN,the-things-i-didnt-go-looking-for,6.8,ARCHIVE_ONLY,MEDIUM,,Valid TPC evidence retained privately; below the 8.0 public threshold or redundant beside a stronger photograph in the same year and Condition.
TPC-00026,2021-07-31,2021,UNKNOWN,the-things-i-didnt-go-looking-for,5.3,ARCHIVE_ONLY,MEDIUM,SEQ-CANDIDATE-005,Valid TPC evidence retained privately; below the 8.0 public threshold or redundant beside a stronger photograph in the same year and Condition.
TPC-00027,2021-07-31,2021,UNKNOWN,while-we-were-here,5.4,ARCHIVE_ONLY,MEDIUM,SEQ-CANDIDATE-005,Valid TPC evidence retained privately; below the 8.0 public threshold or redundant beside a stronger photograph in the same year and Condition.
TPC-00028,2021-07-31,2021,UNKNOWN,between-places,5.9,ARCHIVE_ONLY,MEDIUM,,Valid TPC evidence retained privately; below the 8.0 public threshold or redundant beside a stronger photograph in the same year and Condition.
TPC-00029,2021-08-04,2021,UNKNOWN,the-things-i-didnt-go-looking-for,8.2,CURATED,MEDIUM,,"The unplanned encounter is photographically resolved through colour, form, timing or visual surprise."
TPC-00030,2021-08-18,2021,UNKNOWN,things-that-existed-for-me,8.3,CURATED,MEDIUM,,The framing gives a clear visual reason for attention to stop and contributes a distinct atmosphere or geometry.
TPC-00031,2021-08-23,2021,UNKNOWN,the-things-i-didnt-go-looking-for,5.3,ARCHIVE_ONLY,MEDIUM,,Valid TPC evidence retained privately; below the 8.0 public threshold or redundant beside a stronger photograph in the same year and Condition.
TPC-00032,2021-08-29,2021,UNKNOWN,something-happened-here,6.0,ARCHIVE_ONLY,MEDIUM,,Valid TPC evidence retained privately; below the 8.0 public threshold or redundant beside a stronger photograph in the same year and Condition.
TPC-00033,2021-08-31,2021,UNKNOWN,while-we-were-here,6.7,ARCHIVE_ONLY,MEDIUM,,Valid TPC evidence retained privately; below the 8.0 public threshold or redundant beside a stronger photograph in the same year and Condition.
TPC-00034,2021-09-05,2021,UNKNOWN,something-happened-here,8.5,CURATED,HIGH,,Transformation or residue is visually legible; the frame has sufficient structure to carry the trace without explanatory dependence.
TPC-00035,2021-09-08,2021,UNKNOWN,the-things-i-didnt-go-looking-for,5.2,ARCHIVE_ONLY,MEDIUM,,Valid TPC evidence retained privately; below the 8.0 public threshold or redundant beside a stronger photograph in the same year and Condition.
TPC-00037,2022-04-17,2022,UNKNOWN,something-happened-here,5.3,ARCHIVE_ONLY,MEDIUM,SEQ-CANDIDATE-006,Valid TPC evidence retained privately; below the 8.0 public threshold or redundant beside a stronger photograph in the same year and Condition.
TPC-00038,2022-04-17,2022,UNKNOWN,the-things-i-didnt-go-looking-for,6.7,ARCHIVE_ONLY,MEDIUM,SEQ-CANDIDATE-006,Valid TPC evidence retained privately; below the 8.0 public threshold or redundant beside a stronger photograph in the same year and Condition.
TPC-00039,2022-04-18,2022,UNKNOWN,the-things-i-didnt-go-looking-for,8.3,CURATED,MEDIUM,,"The unplanned encounter is photographically resolved through colour, form, timing or visual surprise."
TPC-00040,2022-04-18,2022,UNKNOWN,while-we-were-here,8.6,CURATED,HIGH,,"Timing, gesture and spatial relationships make co-presence visually active rather than merely populated."
TPC-00041,2022-04-26,2022,SOLITARY PRESENCE,between-places,8.5,CURATED,HIGH,,"The transitional space is made visually purposeful through direction, rhythm, depth or movement."
TPC-00042,2022-04-27,2022,UNKNOWN,nothing-happened-here,6.0,ARCHIVE_ONLY,MEDIUM,,Valid TPC evidence retained privately; below the 8.0 public threshold or redundant beside a stronger photograph in the same year and Condition.
TPC-00043,2022-05-14,2022,UNKNOWN,while-we-were-here,5.2,ARCHIVE_ONLY,MEDIUM,,Valid TPC evidence retained privately; below the 8.0 public threshold or redundant beside a stronger photograph in the same year and Condition.
TPC-00044,2022-05-14,2022,UNKNOWN,something-happened-here,5.2,ARCHIVE_ONLY,MEDIUM,,Valid TPC evidence retained privately; below the 8.0 public threshold or redundant beside a stronger photograph in the same year and Condition.
TPC-00046,2022-05-17,2022,UNKNOWN,the-things-i-didnt-go-looking-for,6.0,ARCHIVE_ONLY,MEDIUM,,Valid TPC evidence retained privately; below the 8.0 public threshold or redundant beside a stronger photograph in the same year and Condition.
TPC-00047,2022-05-20,2022,UNKNOWN,nothing-happened-here,6.7,ARCHIVE_ONLY,MEDIUM,,Valid TPC evidence retained privately; below the 8.0 public threshold or redundant beside a stronger photograph in the same year and Condition.
TPC-00048,2022-05-23,2022,UNKNOWN,while-we-were-here,6.0,ARCHIVE_ONLY,MEDIUM,,Valid TPC evidence retained privately; below the 8.0 public threshold or redundant beside a stronger photograph in the same year and Condition.
TPC-00237,2022-05-23,2022,UNKNOWN,something-happened-here,8.1,CURATED,MEDIUM,,Transformation or residue is visually legible; the frame has sufficient structure to carry the trace without explanatory dependence.
TPC-00049,2022-05-25,2022,UNKNOWN,things-that-existed-for-me,8.4,CURATED,HIGH,,The framing gives a clear visual reason for attention to stop and contributes a distinct atmosphere or geometry.
TPC-00050,2022-07-05,2022,UNKNOWN,the-things-i-didnt-go-looking-for,8.0,CURATED,HIGH,,"The unplanned encounter is photographically resolved through colour, form, timing or visual surprise."
TPC-00051,2022-07-15,2022,UNKNOWN,between-places,6.0,ARCHIVE_ONLY,MEDIUM,,Valid TPC evidence retained privately; below the 8.0 public threshold or redundant beside a stronger photograph in the same year and Condition.
TPC-00052,2022-08-27,2022,UNKNOWN,while-we-were-here,6.7,ARCHIVE_ONLY,MEDIUM,,Valid TPC evidence retained privately; below the 8.0 public threshold or redundant beside a stronger photograph in the same year and Condition.
TPC-00053,2022-11-12,2022,UNKNOWN,,6.0,ARCHIVE_ONLY,MEDIUM,,Valid TPC evidence retained privately; below the 8.0 public threshold or redundant beside a stronger photograph in the same year and Condition.
TPC-00054,2022-11-25,2022,UNKNOWN,nothing-happened-here,8.7,CURATED,HIGH,,"The unoccupied scene sustains attention through light, spatial tension and a palpable sense of witnessed quiet."
TPC-00238,2022-12-11,2022,UNKNOWN,while-we-were-here,6.0,ARCHIVE_ONLY,MEDIUM,,Valid TPC evidence retained privately; below the 8.0 public threshold or redundant beside a stronger photograph in the same year and Condition.
TPC-00055,2022-12-31,2022,UNKNOWN,something-happened-here,8.2,CURATED,MEDIUM,,Transformation or residue is visually legible; the frame has sufficient structure to carry the trace without explanatory dependence.
TPC-00056,2023-04-29,2023,UNKNOWN,something-happened-here,8.0,CURATED,HIGH,,Transformation or residue is visually legible; the frame has sufficient structure to carry the trace without explanatory dependence.
TPC-00239,2023-08-16,2023,UNKNOWN,things-that-existed-for-me,8.6,CURATED,HIGH,,The framing gives a clear visual reason for attention to stop and contributes a distinct atmosphere or geometry.
TPC-00057,2023-10-28,2023,UNKNOWN,things-that-existed-for-me,6.0,ARCHIVE_ONLY,MEDIUM,,Valid TPC evidence retained privately; below the 8.0 public threshold or redundant beside a stronger photograph in the same year and Condition.
TPC-00240,2023-10-29,2023,UNKNOWN,things-that-existed-for-me,6.0,ARCHIVE_ONLY,MEDIUM,,Valid TPC evidence retained privately; below the 8.0 public threshold or redundant beside a stronger photograph in the same year and Condition.
TPC-00059,2023-10-29,2023,UNKNOWN,between-places,8.0,CURATED,HIGH,SEQ-CANDIDATE-007,"The transitional space is made visually purposeful through direction, rhythm, depth or movement."
TPC-00060,2023-10-29,2023,UNKNOWN,nothing-happened-here,8.6,CURATED,HIGH,,"The unoccupied scene sustains attention through light, spatial tension and a palpable sense of witnessed quiet."
TPC-00241,2023-11-17,2023,UNKNOWN,things-that-existed-for-me,8.0,CURATED,HIGH,,The framing gives a clear visual reason for attention to stop and contributes a distinct atmosphere or geometry.
TPC-00061,2023-12-23,2023,UNKNOWN,the-things-i-didnt-go-looking-for,5.3,ARCHIVE_ONLY,MEDIUM,,Valid TPC evidence retained privately; below the 8.0 public threshold or redundant beside a stronger photograph in the same year and Condition.
TPC-00062,2024-01-31,2024,CROSSING,while-we-were-here,7.4,ARCHIVE_ONLY,MEDIUM,,Valid TPC evidence retained privately; below the 8.0 public threshold or redundant beside a stronger photograph in the same year and Condition.
TPC-00242,2024-03-05,2024,UNKNOWN,something-happened-here,8.2,CURATED,MEDIUM,,Transformation or residue is visually legible; the frame has sufficient structure to carry the trace without explanatory dependence.
TPC-00063,2024-04-19,2024,UNKNOWN,the-things-i-didnt-go-looking-for,5.2,ARCHIVE_ONLY,MEDIUM,,Valid TPC evidence retained privately; below the 8.0 public threshold or redundant beside a stronger photograph in the same year and Condition.
TPC-00064,2024-05-06,2024,UNKNOWN,between-places,6.7,ARCHIVE_ONLY,MEDIUM,,Valid TPC evidence retained privately; below the 8.0 public threshold or redundant beside a stronger photograph in the same year and Condition.
TPC-00243,2024-05-06,2024,UNKNOWN,between-places,5.4,ARCHIVE_ONLY,MEDIUM,SEQ-CANDIDATE-008,Valid TPC evidence retained privately; below the 8.0 public threshold or redundant beside a stronger photograph in the same year and Condition.
TPC-00244,2024-05-06,2024,UNKNOWN,between-places,5.3,ARCHIVE_ONLY,MEDIUM,SEQ-CANDIDATE-008,Valid TPC evidence retained privately; below the 8.0 public threshold or redundant beside a stronger photograph in the same year and Condition.
TPC-00065,2024-05-10,2024,UNKNOWN,nothing-happened-here,5.3,ARCHIVE_ONLY,MEDIUM,,Valid TPC evidence retained privately; below the 8.0 public threshold or redundant beside a stronger photograph in the same year and Condition.
TPC-00245,2024-05-15,2024,UNKNOWN,between-places,5.3,ARCHIVE_ONLY,MEDIUM,,Valid TPC evidence retained privately; below the 8.0 public threshold or redundant beside a stronger photograph in the same year and Condition.
TPC-00066,2024-05-27,2024,UNKNOWN,the-things-i-didnt-go-looking-for,5.3,ARCHIVE_ONLY,MEDIUM,SEQ-CANDIDATE-009,Valid TPC evidence retained privately; below the 8.0 public threshold or redundant beside a stronger photograph in the same year and Condition.
TPC-00067,2024-05-27,2024,CROSSING,between-places,7.9,ARCHIVE_ONLY,MEDIUM,SEQ-CANDIDATE-009,Valid TPC evidence retained privately; below the 8.0 public threshold or redundant beside a stronger photograph in the same year and Condition.
TPC-00068,2024-05-27,2024,UNKNOWN,the-things-i-didnt-go-looking-for,6.1,ARCHIVE_ONLY,MEDIUM,SEQ-CANDIDATE-010,Valid TPC evidence retained privately; below the 8.0 public threshold or redundant beside a stronger photograph in the same year and Condition.
TPC-00069,2024-05-27,2024,UNKNOWN,the-things-i-didnt-go-looking-for,6.0,ARCHIVE_ONLY,MEDIUM,SEQ-CANDIDATE-010,Valid TPC evidence retained privately; below the 8.0 public threshold or redundant beside a stronger photograph in the same year and Condition.
TPC-00070,2024-05-27,2024,UNKNOWN,between-places,5.3,ARCHIVE_ONLY,MEDIUM,,Valid TPC evidence retained privately; below the 8.0 public threshold or redundant beside a stronger photograph in the same year and Condition.
TPC-00071,2024-06-05,2024,UNKNOWN,between-places,6.7,ARCHIVE_ONLY,MEDIUM,SEQ-CANDIDATE-011,Valid TPC evidence retained privately; below the 8.0 public threshold or redundant beside a stronger photograph in the same year and Condition.
TPC-00072,2024-06-05,2024,UNKNOWN,,5.3,ARCHIVE_ONLY,MEDIUM,SEQ-CANDIDATE-011,Valid TPC evidence retained privately; below the 8.0 public threshold or redundant beside a stronger photograph in the same year and Condition.
TPC-00073,2024-06-16,2024,UNKNOWN,between-places,6.7,ARCHIVE_ONLY,MEDIUM,,Valid TPC evidence retained privately; below the 8.0 public threshold or redundant beside a stronger photograph in the same year and Condition.
TPC-00246,2024-06-23,2024,UNKNOWN,between-places,6.0,ARCHIVE_ONLY,MEDIUM,,Valid TPC evidence retained privately; below the 8.0 public threshold or redundant beside a stronger photograph in the same year and Condition.
TPC-00074,2024-06-26,2024,UNKNOWN,while-we-were-here,5.2,ARCHIVE_ONLY,MEDIUM,,Valid TPC evidence retained privately; below the 8.0 public threshold or redundant beside a stronger photograph in the same year and Condition.
TPC-00075,2024-06-27,2024,UNKNOWN,while-we-were-here,6.0,ARCHIVE_ONLY,MEDIUM,,Valid TPC evidence retained privately; below the 8.0 public threshold or redundant beside a stronger photograph in the same year and Condition.
TPC-00076,2024-06-28,2024,UNKNOWN,,5.3,ARCHIVE_ONLY,MEDIUM,SEQ-CANDIDATE-012,Valid TPC evidence retained privately; below the 8.0 public threshold or redundant beside a stronger photograph in the same year and Condition.
TPC-00077,2024-06-28,2024,UNKNOWN,the-things-i-didnt-go-looking-for,5.3,ARCHIVE_ONLY,MEDIUM,SEQ-CANDIDATE-012,Valid TPC evidence retained privately; below the 8.0 public threshold or redundant beside a stronger photograph in the same year and Condition.
TPC-00078,2024-06-28,2024,UNKNOWN,nothing-happened-here,6.7,ARCHIVE_ONLY,MEDIUM,SEQ-CANDIDATE-012,Valid TPC evidence retained privately; below the 8.0 public threshold or redundant beside a stronger photograph in the same year and Condition.
TPC-00079,2024-06-29,2024,UNKNOWN,the-things-i-didnt-go-looking-for,5.3,ARCHIVE_ONLY,MEDIUM,SEQ-CANDIDATE-013,Valid TPC evidence retained privately; below the 8.0 public threshold or redundant beside a stronger photograph in the same year and Condition.
TPC-00080,2024-06-29,2024,UNKNOWN,while-we-were-here,6.0,ARCHIVE_ONLY,MEDIUM,SEQ-CANDIDATE-013,Valid TPC evidence retained privately; below the 8.0 public threshold or redundant beside a stronger photograph in the same year and Condition.
TPC-00081,2024-06-29,2024,UNKNOWN,while-we-were-here,5.2,ARCHIVE_ONLY,MEDIUM,SEQ-CANDIDATE-013,Valid TPC evidence retained privately; below the 8.0 public threshold or redundant beside a stronger photograph in the same year and Condition.
TPC-00082,2024-06-29,2024,ABSENCE,nothing-happened-here,8.5,CURATED,HIGH,SEQ-CANDIDATE-013,"The unoccupied scene sustains attention through light, spatial tension and a palpable sense of witnessed quiet."
TPC-00083,2024-07-02,2024,UNKNOWN,while-we-were-here,6.0,ARCHIVE_ONLY,MEDIUM,SEQ-CANDIDATE-014,Valid TPC evidence retained privately; below the 8.0 public threshold or redundant beside a stronger photograph in the same year and Condition.
TPC-00084,2024-07-02,2024,UNKNOWN,while-we-were-here,6.7,ARCHIVE_ONLY,MEDIUM,SEQ-CANDIDATE-014,Valid TPC evidence retained privately; below the 8.0 public threshold or redundant beside a stronger photograph in the same year and Condition.
TPC-00085,2024-07-07,2024,UNKNOWN,while-we-were-here,9.0,CURATED,HIGH,,"Timing, gesture and spatial relationships make co-presence visually active rather than merely populated."
TPC-00086,2024-07-07,2024,ATTENTION,nothing-happened-here,7.5,ARCHIVE_ONLY,MEDIUM,,Valid TPC evidence retained privately; below the 8.0 public threshold or redundant beside a stronger photograph in the same year and Condition.
TPC-00087,2024-07-11,2024,UNKNOWN,while-we-were-here,5.2,ARCHIVE_ONLY,MEDIUM,,Valid TPC evidence retained privately; below the 8.0 public threshold or redundant beside a stronger photograph in the same year and Condition.
TPC-00088,2024-07-11,2024,UNKNOWN,the-things-i-didnt-go-looking-for,6.6,ARCHIVE_ONLY,MEDIUM,,Valid TPC evidence retained privately; below the 8.0 public threshold or redundant beside a stronger photograph in the same year and Condition.
TPC-00247,2024-07-13,2024,ARRANGEMENT,,8.9,CURATED,HIGH,,Photographically strong and non-redundant evidence of Presence.
TPC-00089,2024-07-13,2024,ABSENCE,nothing-happened-here,7.9,ARCHIVE_ONLY,MEDIUM,,Valid TPC evidence retained privately; below the 8.0 public threshold or redundant beside a stronger photograph in the same year and Condition.
TPC-00248,2024-07-13,2024,UNKNOWN,,5.3,ARCHIVE_ONLY,MEDIUM,SEQ-CANDIDATE-015,Valid TPC evidence retained privately; below the 8.0 public threshold or redundant beside a stronger photograph in the same year and Condition.
TPC-00090,2024-07-13,2024,UNKNOWN,while-we-were-here,5.3,ARCHIVE_ONLY,MEDIUM,SEQ-CANDIDATE-015,Valid TPC evidence retained privately; below the 8.0 public threshold or redundant beside a stronger photograph in the same year and Condition.
TPC-00091,2024-07-14,2024,UNKNOWN,,5.3,ARCHIVE_ONLY,MEDIUM,SEQ-CANDIDATE-016,Valid TPC evidence retained privately; below the 8.0 public threshold or redundant beside a stronger photograph in the same year and Condition.
TPC-00249,2024-07-14,2024,UNKNOWN,the-things-i-didnt-go-looking-for,5.3,ARCHIVE_ONLY,MEDIUM,SEQ-CANDIDATE-016,Valid TPC evidence retained privately; below the 8.0 public threshold or redundant beside a stronger photograph in the same year and Condition.
TPC-00250,2024-07-14,2024,UNKNOWN,the-things-i-didnt-go-looking-for,8.5,CURATED,HIGH,SEQ-CANDIDATE-017,"The unplanned encounter is photographically resolved through colour, form, timing or visual surprise."
TPC-00251,2024-07-14,2024,UNKNOWN,between-places,5.3,ARCHIVE_ONLY,MEDIUM,SEQ-CANDIDATE-017,Valid TPC evidence retained privately; below the 8.0 public threshold or redundant beside a stronger photograph in the same year and Condition.
TPC-00092,2024-07-18,2024,UNKNOWN,between-places,6.7,ARCHIVE_ONLY,MEDIUM,,Valid TPC evidence retained privately; below the 8.0 public threshold or redundant beside a stronger photograph in the same year and Condition.
TPC-00093,2024-07-20,2024,UNKNOWN,while-we-were-here,5.3,ARCHIVE_ONLY,MEDIUM,,Valid TPC evidence retained privately; below the 8.0 public threshold or redundant beside a stronger photograph in the same year and Condition.
TPC-00094,2024-07-20,2024,CO-PRESENCE,between-places,8.8,CURATED,HIGH,,"The transitional space is made visually purposeful through direction, rhythm, depth or movement."
TPC-00095,2024-07-20,2024,UNKNOWN,nothing-happened-here,5.2,ARCHIVE_ONLY,MEDIUM,,Valid TPC evidence retained privately; below the 8.0 public threshold or redundant beside a stronger photograph in the same year and Condition.
TPC-00096,2024-07-27,2024,UNKNOWN,the-things-i-didnt-go-looking-for,5.2,ARCHIVE_ONLY,MEDIUM,,Valid TPC evidence retained privately; below the 8.0 public threshold or redundant beside a stronger photograph in the same year and Condition.
TPC-00252,2024-07-27,2024,UNKNOWN,between-places,6.7,ARCHIVE_ONLY,MEDIUM,,Valid TPC evidence retained privately; below the 8.0 public threshold or redundant beside a stronger photograph in the same year and Condition.
TPC-00097,2024-07-29,2024,UNKNOWN,things-that-existed-for-me,6.0,ARCHIVE_ONLY,MEDIUM,,Valid TPC evidence retained privately; below the 8.0 public threshold or redundant beside a stronger photograph in the same year and Condition.
TPC-00253,2024-07-30,2024,UNKNOWN,while-we-were-here,5.2,ARCHIVE_ONLY,MEDIUM,,Valid TPC evidence retained privately; below the 8.0 public threshold or redundant beside a stronger photograph in the same year and Condition.
TPC-00254,2024-08-11,2024,UNKNOWN,between-places,6.0,ARCHIVE_ONLY,MEDIUM,SEQ-CANDIDATE-018,Valid TPC evidence retained privately; below the 8.0 public threshold or redundant beside a stronger photograph in the same year and Condition.
TPC-00255,2024-08-11,2024,UNKNOWN,while-we-were-here,5.3,ARCHIVE_ONLY,MEDIUM,SEQ-CANDIDATE-018,Valid TPC evidence retained privately; below the 8.0 public threshold or redundant beside a stronger photograph in the same year and Condition.
TPC-00256,2024-08-11,2024,UNKNOWN,things-that-existed-for-me,5.3,ARCHIVE_ONLY,MEDIUM,SEQ-CANDIDATE-018,Valid TPC evidence retained privately; below the 8.0 public threshold or redundant beside a stronger photograph in the same year and Condition.
TPC-00257,2024-08-11,2024,UNKNOWN,between-places,8.5,SEQUENCE_MEMBER,HIGH,SEQ-TRANSIT-2024-01,"The transitional space is made visually purposeful through direction, rhythm, depth or movement."
TPC-00258,2024-08-11,2024,UNKNOWN,between-places,8.5,SEQUENCE_MEMBER,HIGH,SEQ-TRANSIT-2024-01,"The transitional space is made visually purposeful through direction, rhythm, depth or movement."
TPC-00098,2024-08-11,2024,UNKNOWN,while-we-were-here,5.9,ARCHIVE_ONLY,MEDIUM,SEQ-CANDIDATE-019,Valid TPC evidence retained privately; below the 8.0 public threshold or redundant beside a stronger photograph in the same year and Condition.
TPC-00259,2024-08-11,2024,CROSSING,,7.9,ARCHIVE_ONLY,MEDIUM,SEQ-CANDIDATE-019,Valid TPC evidence retained privately; below the 8.0 public threshold or redundant beside a stronger photograph in the same year and Condition.
TPC-00260,2024-08-11,2024,UNKNOWN,,5.9,ARCHIVE_ONLY,MEDIUM,SEQ-CANDIDATE-019,Valid TPC evidence retained privately; below the 8.0 public threshold or redundant beside a stronger photograph in the same year and Condition.
TPC-00261,2024-08-11,2024,UNKNOWN,,5.3,ARCHIVE_ONLY,MEDIUM,SEQ-CANDIDATE-020,Valid TPC evidence retained privately; below the 8.0 public threshold or redundant beside a stronger photograph in the same year and Condition.
TPC-00099,2024-08-11,2024,UNKNOWN,between-places,5.3,ARCHIVE_ONLY,MEDIUM,SEQ-CANDIDATE-020,Valid TPC evidence retained privately; below the 8.0 public threshold or redundant beside a stronger photograph in the same year and Condition.
TPC-00262,2024-08-15,2024,UNKNOWN,something-happened-here,5.3,ARCHIVE_ONLY,MEDIUM,,Valid TPC evidence retained privately; below the 8.0 public threshold or redundant beside a stronger photograph in the same year and Condition.
TPC-00263,2024-08-29,2024,UNKNOWN,things-that-existed-for-me,6.0,ARCHIVE_ONLY,MEDIUM,SEQ-CANDIDATE-021,Valid TPC evidence retained privately; below the 8.0 public threshold or redundant beside a stronger photograph in the same year and Condition.
TPC-00100,2024-08-29,2024,UNKNOWN,,5.4,ARCHIVE_ONLY,MEDIUM,SEQ-CANDIDATE-021,Valid TPC evidence retained privately; below the 8.0 public threshold or redundant beside a stronger photograph in the same year and Condition.
TPC-00101,2024-08-29,2024,UNKNOWN,things-that-existed-for-me,6.7,ARCHIVE_ONLY,MEDIUM,SEQ-CANDIDATE-021,Valid TPC evidence retained privately; below the 8.0 public threshold or redundant beside a stronger photograph in the same year and Condition.
TPC-00264,2024-08-29,2024,UNKNOWN,between-places,5.3,ARCHIVE_ONLY,MEDIUM,SEQ-CANDIDATE-022,Valid TPC evidence retained privately; below the 8.0 public threshold or redundant beside a stronger photograph in the same year and Condition.
TPC-00102,2024-08-29,2024,UNKNOWN,,6.0,ARCHIVE_ONLY,MEDIUM,SEQ-CANDIDATE-022,Valid TPC evidence retained privately; below the 8.0 public threshold or redundant beside a stronger photograph in the same year and Condition.
TPC-00265,2024-09-04,2024,UNKNOWN,between-places,6.0,ARCHIVE_ONLY,MEDIUM,,Valid TPC evidence retained privately; below the 8.0 public threshold or redundant beside a stronger photograph in the same year and Condition.
TPC-00103,2024-09-04,2024,UNKNOWN,things-that-existed-for-me,6.0,ARCHIVE_ONLY,MEDIUM,SEQ-CANDIDATE-023,Valid TPC evidence retained privately; below the 8.0 public threshold or redundant beside a stronger photograph in the same year and Condition.
TPC-00104,2024-09-04,2024,UNKNOWN,between-places,5.3,ARCHIVE_ONLY,MEDIUM,SEQ-CANDIDATE-023,Valid TPC evidence retained privately; below the 8.0 public threshold or redundant beside a stronger photograph in the same year and Condition.
TPC-00105,2024-09-04,2024,UNKNOWN,between-places,5.3,ARCHIVE_ONLY,MEDIUM,SEQ-CANDIDATE-023,Valid TPC evidence retained privately; below the 8.0 public threshold or redundant beside a stronger photograph in the same year and Condition.
TPC-00106,2024-09-05,2024,UNKNOWN,things-that-existed-for-me,6.7,ARCHIVE_ONLY,MEDIUM,,Valid TPC evidence retained privately; below the 8.0 public threshold or redundant beside a stronger photograph in the same year and Condition.
TPC-00266,2024-09-05,2024,UNKNOWN,between-places,5.2,ARCHIVE_ONLY,MEDIUM,,Valid TPC evidence retained privately; below the 8.0 public threshold or redundant beside a stronger photograph in the same year and Condition.
TPC-00267,2024-09-06,2024,UNKNOWN,something-happened-here,8.2,CURATED,MEDIUM,SEQ-CANDIDATE-024,Transformation or residue is visually legible; the frame has sufficient structure to carry the trace without explanatory dependence.
TPC-00107,2024-09-06,2024,UNKNOWN,while-we-were-here,5.4,ARCHIVE_ONLY,MEDIUM,SEQ-CANDIDATE-024,Valid TPC evidence retained privately; below the 8.0 public threshold or redundant beside a stronger photograph in the same year and Condition.
TPC-00268,2024-09-07,2024,UNKNOWN,while-we-were-here,6.0,ARCHIVE_ONLY,MEDIUM,,Valid TPC evidence retained privately; below the 8.0 public threshold or redundant beside a stronger photograph in the same year and Condition.
TPC-00269,2024-09-07,2024,UNKNOWN,while-we-were-here,6.7,ARCHIVE_ONLY,MEDIUM,,Valid TPC evidence retained privately; below the 8.0 public threshold or redundant beside a stronger photograph in the same year and Condition.
TPC-00270,2024-09-07,2024,UNKNOWN,,5.4,ARCHIVE_ONLY,MEDIUM,SEQ-CANDIDATE-025,Valid TPC evidence retained privately; below the 8.0 public threshold or redundant beside a stronger photograph in the same year and Condition.
TPC-00108,2024-09-07,2024,UNKNOWN,while-we-were-here,5.4,ARCHIVE_ONLY,MEDIUM,SEQ-CANDIDATE-025,Valid TPC evidence retained privately; below the 8.0 public threshold or redundant beside a stronger photograph in the same year and Condition.
TPC-00109,2024-09-10,2024,UNKNOWN,the-things-i-didnt-go-looking-for,8.7,CURATED,HIGH,,"The unplanned encounter is photographically resolved through colour, form, timing or visual surprise."
TPC-00110,2024-09-12,2024,CROSSING,between-places,7.5,ARCHIVE_ONLY,MEDIUM,,Valid TPC evidence retained privately; below the 8.0 public threshold or redundant beside a stronger photograph in the same year and Condition.
TPC-00111,2024-09-13,2024,ABSENCE,nothing-happened-here,7.9,ARCHIVE_ONLY,MEDIUM,,Valid TPC evidence retained privately; below the 8.0 public threshold or redundant beside a stronger photograph in the same year and Condition.
TPC-00271,2024-09-15,2024,UNKNOWN,things-that-existed-for-me,8.6,CURATED,HIGH,,The framing gives a clear visual reason for attention to stop and contributes a distinct atmosphere or geometry.
TPC-00112,2024-09-22,2024,ATTENTION,nothing-happened-here,7.5,ARCHIVE_ONLY,MEDIUM,,Valid TPC evidence retained privately; below the 8.0 public threshold or redundant beside a stronger photograph in the same year and Condition.
TPC-00272,2024-09-25,2024,UNKNOWN,something-happened-here,5.3,ARCHIVE_ONLY,MEDIUM,,Valid TPC evidence retained privately; below the 8.0 public threshold or redundant beside a stronger photograph in the same year and Condition.
TPC-00113,2024-09-25,2024,UNKNOWN,nothing-happened-here,6.0,ARCHIVE_ONLY,MEDIUM,,Valid TPC evidence retained privately; below the 8.0 public threshold or redundant beside a stronger photograph in the same year and Condition.
TPC-00114,2024-09-27,2024,UNKNOWN,between-places,6.0,ARCHIVE_ONLY,MEDIUM,,Valid TPC evidence retained privately; below the 8.0 public threshold or redundant beside a stronger photograph in the same year and Condition.
TPC-00115,2024-10-11,2024,ATTENTION,while-we-were-here,7.5,ARCHIVE_ONLY,MEDIUM,,Valid TPC evidence retained privately; below the 8.0 public threshold or redundant beside a stronger photograph in the same year and Condition.
TPC-00273,2024-10-19,2024,UNKNOWN,while-we-were-here,6.0,ARCHIVE_ONLY,MEDIUM,,Valid TPC evidence retained privately; below the 8.0 public threshold or redundant beside a stronger photograph in the same year and Condition.
TPC-00117,2024-10-27,2024,CROSSING,things-that-existed-for-me,7.5,ARCHIVE_ONLY,MEDIUM,,Valid TPC evidence retained privately; below the 8.0 public threshold or redundant beside a stronger photograph in the same year and Condition.
TPC-00118,2024-10-28,2024,UNKNOWN,between-places,6.0,ARCHIVE_ONLY,MEDIUM,,Valid TPC evidence retained privately; below the 8.0 public threshold or redundant beside a stronger photograph in the same year and Condition.
TPC-00274,2024-10-28,2024,UNKNOWN,things-that-existed-for-me,6.8,ARCHIVE_ONLY,MEDIUM,SEQ-CANDIDATE-026,Valid TPC evidence retained privately; below the 8.0 public threshold or redundant beside a stronger photograph in the same year and Condition.
TPC-00275,2024-10-28,2024,UNKNOWN,the-things-i-didnt-go-looking-for,5.4,ARCHIVE_ONLY,MEDIUM,SEQ-CANDIDATE-026,Valid TPC evidence retained privately; below the 8.0 public threshold or redundant beside a stronger photograph in the same year and Condition.
TPC-00119,2024-11-04,2024,UNKNOWN,while-we-were-here,6.0,ARCHIVE_ONLY,MEDIUM,,Valid TPC evidence retained privately; below the 8.0 public threshold or redundant beside a stronger photograph in the same year and Condition.
TPC-00120,2024-11-09,2024,UNKNOWN,the-things-i-didnt-go-looking-for,6.0,ARCHIVE_ONLY,MEDIUM,,Valid TPC evidence retained privately; below the 8.0 public threshold or redundant beside a stronger photograph in the same year and Condition.
TPC-00121,2024-11-10,2024,UNKNOWN,nothing-happened-here,5.3,ARCHIVE_ONLY,MEDIUM,,Valid TPC evidence retained privately; below the 8.0 public threshold or redundant beside a stronger photograph in the same year and Condition.
TPC-00276,2024-11-16,2024,UNKNOWN,between-places,5.3,ARCHIVE_ONLY,MEDIUM,,Valid TPC evidence retained privately; below the 8.0 public threshold or redundant beside a stronger photograph in the same year and Condition.
TPC-00122,2024-11-19,2024,ABSENCE,things-that-existed-for-me,7.9,ARCHIVE_ONLY,MEDIUM,,Valid TPC evidence retained privately; below the 8.0 public threshold or redundant beside a stronger photograph in the same year and Condition.
TPC-00123,2024-11-20,2024,UNKNOWN,while-we-were-here,6.0,ARCHIVE_ONLY,MEDIUM,SEQ-CANDIDATE-027,Valid TPC evidence retained privately; below the 8.0 public threshold or redundant beside a stronger photograph in the same year and Condition.
TPC-00124,2024-11-20,2024,OCCURRENCE / WITNESS,things-that-existed-for-me,7.5,ARCHIVE_ONLY,MEDIUM,SEQ-CANDIDATE-027,Valid TPC evidence retained privately; below the 8.0 public threshold or redundant beside a stronger photograph in the same year and Condition.
TPC-00125,2024-11-23,2024,UNKNOWN,while-we-were-here,8.6,CURATED,HIGH,,"Timing, gesture and spatial relationships make co-presence visually active rather than merely populated."
TPC-00126,2024-11-23,2024,UNKNOWN,the-things-i-didnt-go-looking-for,6.8,ARCHIVE_ONLY,MEDIUM,SEQ-CANDIDATE-028,Valid TPC evidence retained privately; below the 8.0 public threshold or redundant beside a stronger photograph in the same year and Condition.
TPC-00127,2024-11-23,2024,UNKNOWN,while-we-were-here,5.3,ARCHIVE_ONLY,MEDIUM,SEQ-CANDIDATE-028,Valid TPC evidence retained privately; below the 8.0 public threshold or redundant beside a stronger photograph in the same year and Condition.
TPC-00128,2024-11-25,2024,CROSSING,between-places,7.5,ARCHIVE_ONLY,MEDIUM,,Valid TPC evidence retained privately; below the 8.0 public threshold or redundant beside a stronger photograph in the same year and Condition.
TPC-00129,2025-04-12,2025,UNKNOWN,things-that-existed-for-me,5.2,ARCHIVE_ONLY,MEDIUM,,Valid TPC evidence retained privately; below the 8.0 public threshold or redundant beside a stronger photograph in the same year and Condition.
TPC-00130,2025-05-20,2025,UNKNOWN,,5.2,ARCHIVE_ONLY,MEDIUM,,Valid TPC evidence retained privately; below the 8.0 public threshold or redundant beside a stronger photograph in the same year and Condition.
TPC-00131,2025-05-20,2025,UNKNOWN,while-we-were-here,6.0,ARCHIVE_ONLY,MEDIUM,,Valid TPC evidence retained privately; below the 8.0 public threshold or redundant beside a stronger photograph in the same year and Condition.
TPC-00132,2025-05-21,2025,CROSSING,between-places,7.5,ARCHIVE_ONLY,MEDIUM,,Valid TPC evidence retained privately; below the 8.0 public threshold or redundant beside a stronger photograph in the same year and Condition.
TPC-00133,2025-06-10,2025,UNKNOWN,nothing-happened-here,8.4,CURATED,HIGH,,"The unoccupied scene sustains attention through light, spatial tension and a palpable sense of witnessed quiet."
TPC-00134,2025-06-18,2025,UNKNOWN,between-places,6.0,ARCHIVE_ONLY,MEDIUM,,Valid TPC evidence retained privately; below the 8.0 public threshold or redundant beside a stronger photograph in the same year and Condition.
TPC-00135,2025-06-30,2025,SOLITARY PRESENCE,while-we-were-here,7.9,ARCHIVE_ONLY,MEDIUM,,Valid TPC evidence retained privately; below the 8.0 public threshold or redundant beside a stronger photograph in the same year and Condition.
TPC-00136,2025-06-30,2025,UNKNOWN,while-we-were-here,5.3,ARCHIVE_ONLY,MEDIUM,,Valid TPC evidence retained privately; below the 8.0 public threshold or redundant beside a stronger photograph in the same year and Condition.
TPC-00137,2025-07-02,2025,UNKNOWN,nothing-happened-here,5.3,ARCHIVE_ONLY,MEDIUM,,Valid TPC evidence retained privately; below the 8.0 public threshold or redundant beside a stronger photograph in the same year and Condition.
TPC-00138,2025-07-02,2025,UNKNOWN,things-that-existed-for-me,6.0,ARCHIVE_ONLY,MEDIUM,,Valid TPC evidence retained privately; below the 8.0 public threshold or redundant beside a stronger photograph in the same year and Condition.
TPC-00139,2025-07-17,2025,UNKNOWN,,5.3,ARCHIVE_ONLY,MEDIUM,,Valid TPC evidence retained privately; below the 8.0 public threshold or redundant beside a stronger photograph in the same year and Condition.
TPC-00140,2025-07-18,2025,UNKNOWN,while-we-were-here,6.0,ARCHIVE_ONLY,MEDIUM,,Valid TPC evidence retained privately; below the 8.0 public threshold or redundant beside a stronger photograph in the same year and Condition.
TPC-00141,2025-07-21,2025,CROSSING,between-places,7.4,ARCHIVE_ONLY,MEDIUM,,Valid TPC evidence retained privately; below the 8.0 public threshold or redundant beside a stronger photograph in the same year and Condition.
TPC-00142,2025-07-24,2025,CONTRADICTION,the-things-i-didnt-go-looking-for,8.8,CURATED,HIGH,,"The unplanned encounter is photographically resolved through colour, form, timing or visual surprise."
TPC-00143,2025-07-28,2025,ATTENTION,the-things-i-didnt-go-looking-for,7.9,ARCHIVE_ONLY,MEDIUM,,Valid TPC evidence retained privately; below the 8.0 public threshold or redundant beside a stronger photograph in the same year and Condition.
TPC-00144,2025-07-28,2025,UNKNOWN,things-that-existed-for-me,8.3,CURATED,MEDIUM,,The framing gives a clear visual reason for attention to stop and contributes a distinct atmosphere or geometry.
TPC-00145,2025-07-30,2025,ATTENTION,the-things-i-didnt-go-looking-for,7.9,ARCHIVE_ONLY,MEDIUM,,Valid TPC evidence retained privately; below the 8.0 public threshold or redundant beside a stronger photograph in the same year and Condition.
TPC-00146,2025-07-31,2025,UNKNOWN,things-that-existed-for-me,8.3,CURATED,MEDIUM,,The framing gives a clear visual reason for attention to stop and contributes a distinct atmosphere or geometry.
TPC-00147,2025-08-02,2025,UNKNOWN,while-we-were-here,6.0,ARCHIVE_ONLY,MEDIUM,,Valid TPC evidence retained privately; below the 8.0 public threshold or redundant beside a stronger photograph in the same year and Condition.
TPC-00148,2025-08-02,2025,UNKNOWN,,6.0,ARCHIVE_ONLY,MEDIUM,,Valid TPC evidence retained privately; below the 8.0 public threshold or redundant beside a stronger photograph in the same year and Condition.
TPC-00149,2025-08-04,2025,UNKNOWN,between-places,5.9,ARCHIVE_ONLY,MEDIUM,,Valid TPC evidence retained privately; below the 8.0 public threshold or redundant beside a stronger photograph in the same year and Condition.
TPC-00150,2025-08-05,2025,UNKNOWN,the-things-i-didnt-go-looking-for,5.2,ARCHIVE_ONLY,MEDIUM,,Valid TPC evidence retained privately; below the 8.0 public threshold or redundant beside a stronger photograph in the same year and Condition.
TPC-00151,2025-08-05,2025,UNKNOWN,between-places,6.0,ARCHIVE_ONLY,MEDIUM,,Valid TPC evidence retained privately; below the 8.0 public threshold or redundant beside a stronger photograph in the same year and Condition.
TPC-00277,2025-08-07,2025,UNKNOWN,,8.3,CURATED,MEDIUM,,Photographically strong and non-redundant evidence of Presence.
TPC-00152,2025-08-09,2025,UNKNOWN,while-we-were-here,8.7,CURATED,HIGH,SEQ-CANDIDATE-029,"Timing, gesture and spatial relationships make co-presence visually active rather than merely populated."
TPC-00153,2025-08-09,2025,UNKNOWN,while-we-were-here,6.0,ARCHIVE_ONLY,MEDIUM,SEQ-CANDIDATE-029,Valid TPC evidence retained privately; below the 8.0 public threshold or redundant beside a stronger photograph in the same year and Condition.
TPC-00154,2025-08-09,2025,UNKNOWN,while-we-were-here,6.0,ARCHIVE_ONLY,MEDIUM,,Valid TPC evidence retained privately; below the 8.0 public threshold or redundant beside a stronger photograph in the same year and Condition.
TPC-00155,2025-08-10,2025,UNKNOWN,nothing-happened-here,6.0,ARCHIVE_ONLY,MEDIUM,,Valid TPC evidence retained privately; below the 8.0 public threshold or redundant beside a stronger photograph in the same year and Condition.
TPC-00156,2025-08-10,2025,SOLITARY PRESENCE,while-we-were-here,7.5,ARCHIVE_ONLY,MEDIUM,,Valid TPC evidence retained privately; below the 8.0 public threshold or redundant beside a stronger photograph in the same year and Condition.
TPC-00157,2025-08-10,2025,UNKNOWN,,5.3,ARCHIVE_ONLY,MEDIUM,,Valid TPC evidence retained privately; below the 8.0 public threshold or redundant beside a stronger photograph in the same year and Condition.
TPC-00158,2025-08-10,2025,UNKNOWN,while-we-were-here,6.0,ARCHIVE_ONLY,MEDIUM,SEQ-CANDIDATE-030,Valid TPC evidence retained privately; below the 8.0 public threshold or redundant beside a stronger photograph in the same year and Condition.
TPC-00159,2025-08-10,2025,UNKNOWN,while-we-were-here,6.0,ARCHIVE_ONLY,MEDIUM,SEQ-CANDIDATE-030,Valid TPC evidence retained privately; below the 8.0 public threshold or redundant beside a stronger photograph in the same year and Condition.
TPC-00160,2025-08-10,2025,UNKNOWN,while-we-were-here,6.7,ARCHIVE_ONLY,MEDIUM,SEQ-CANDIDATE-030,Valid TPC evidence retained privately; below the 8.0 public threshold or redundant beside a stronger photograph in the same year and Condition.
TPC-00161,2025-08-10,2025,UNKNOWN,between-places,6.0,ARCHIVE_ONLY,MEDIUM,SEQ-CANDIDATE-030,Valid TPC evidence retained privately; below the 8.0 public threshold or redundant beside a stronger photograph in the same year and Condition.
TPC-00162,2025-08-10,2025,UNKNOWN,nothing-happened-here,6.0,ARCHIVE_ONLY,MEDIUM,SEQ-CANDIDATE-030,Valid TPC evidence retained privately; below the 8.0 public threshold or redundant beside a stronger photograph in the same year and Condition.
TPC-00164,2025-08-11,2025,UNKNOWN,,5.2,ARCHIVE_ONLY,MEDIUM,,Valid TPC evidence retained privately; below the 8.0 public threshold or redundant beside a stronger photograph in the same year and Condition.
TPC-00165,2025-08-11,2025,UNKNOWN,while-we-were-here,6.0,ARCHIVE_ONLY,MEDIUM,,Valid TPC evidence retained privately; below the 8.0 public threshold or redundant beside a stronger photograph in the same year and Condition.
TPC-00166,2025-08-11,2025,CROSSING,between-places,8.6,CURATED,HIGH,,"The transitional space is made visually purposeful through direction, rhythm, depth or movement."
TPC-00167,2025-08-12,2025,CROSSING,nothing-happened-here,7.5,ARCHIVE_ONLY,MEDIUM,,Valid TPC evidence retained privately; below the 8.0 public threshold or redundant beside a stronger photograph in the same year and Condition.
TPC-00168,2026-06-18,2026,UNKNOWN,while-we-were-here,5.4,ARCHIVE_ONLY,MEDIUM,SEQ-CANDIDATE-031,Valid TPC evidence retained privately; below the 8.0 public threshold or redundant beside a stronger photograph in the same year and Condition.
TPC-00169,2026-06-18,2026,UNKNOWN,between-places,8.7,CURATED,HIGH,SEQ-CANDIDATE-031,"The transitional space is made visually purposeful through direction, rhythm, depth or movement."
TPC-00171,2026-06-20,2026,ARRANGEMENT,nothing-happened-here,8.7,CURATED,HIGH,SEQ-CANDIDATE-032,"The unoccupied scene sustains attention through light, spatial tension and a palpable sense of witnessed quiet."
TPC-00172,2026-06-20,2026,ABSENCE,nothing-happened-here,7.4,ARCHIVE_ONLY,MEDIUM,SEQ-CANDIDATE-032,Valid TPC evidence retained privately; below the 8.0 public threshold or redundant beside a stronger photograph in the same year and Condition.
TPC-00174,2026-06-21,2026,UNKNOWN,while-we-were-here,8.8,CURATED,HIGH,,"Timing, gesture and spatial relationships make co-presence visually active rather than merely populated."
TPC-00175,2026-06-21,2026,UNKNOWN,while-we-were-here,5.2,ARCHIVE_ONLY,MEDIUM,,Valid TPC evidence retained privately; below the 8.0 public threshold or redundant beside a stronger photograph in the same year and Condition.
TPC-00177,2026-06-21,2026,UNKNOWN,while-we-were-here,5.4,ARCHIVE_ONLY,MEDIUM,SEQ-CANDIDATE-033,Valid TPC evidence retained privately; below the 8.0 public threshold or redundant beside a stronger photograph in the same year and Condition.
TPC-00178,2026-06-22,2026,UNKNOWN,between-places,5.2,ARCHIVE_ONLY,MEDIUM,,Valid TPC evidence retained privately; below the 8.0 public threshold or redundant beside a stronger photograph in the same year and Condition.
TPC-00179,2026-06-22,2026,UNKNOWN,while-we-were-here,6.7,ARCHIVE_ONLY,MEDIUM,SEQ-CANDIDATE-034,Valid TPC evidence retained privately; below the 8.0 public threshold or redundant beside a stronger photograph in the same year and Condition.
TPC-00180,2026-06-22,2026,UNKNOWN,while-we-were-here,6.0,ARCHIVE_ONLY,MEDIUM,SEQ-CANDIDATE-034,Valid TPC evidence retained privately; below the 8.0 public threshold or redundant beside a stronger photograph in the same year and Condition.
TPC-00182,2026-06-22,2026,UNKNOWN,,6.7,ARCHIVE_ONLY,MEDIUM,SEQ-CANDIDATE-034,Valid TPC evidence retained privately; below the 8.0 public threshold or redundant beside a stronger photograph in the same year and Condition.
TPC-00183,2026-06-22,2026,CROSSING,while-we-were-here,7.5,ARCHIVE_ONLY,MEDIUM,,Valid TPC evidence retained privately; below the 8.0 public threshold or redundant beside a stronger photograph in the same year and Condition.
TPC-00184,2026-06-24,2026,CROSSING,between-places,7.9,ARCHIVE_ONLY,MEDIUM,SEQ-CANDIDATE-035,Valid TPC evidence retained privately; below the 8.0 public threshold or redundant beside a stronger photograph in the same year and Condition.
TPC-00185,2026-06-24,2026,UNKNOWN,between-places,6.1,ARCHIVE_ONLY,MEDIUM,SEQ-CANDIDATE-035,Valid TPC evidence retained privately; below the 8.0 public threshold or redundant beside a stronger photograph in the same year and Condition.
TPC-00186,2026-06-26,2026,UNKNOWN,the-things-i-didnt-go-looking-for,8.3,CURATED,MEDIUM,SEQ-CANDIDATE-036,"The unplanned encounter is photographically resolved through colour, form, timing or visual surprise."
TPC-00187,2026-06-26,2026,UNKNOWN,the-things-i-didnt-go-looking-for,5.3,ARCHIVE_ONLY,MEDIUM,SEQ-CANDIDATE-036,Valid TPC evidence retained privately; below the 8.0 public threshold or redundant beside a stronger photograph in the same year and Condition.
TPC-00190,2026-07-19,2026,UNKNOWN,while-we-were-here,5.3,ARCHIVE_ONLY,MEDIUM,,Valid TPC evidence retained privately; below the 8.0 public threshold or redundant beside a stronger photograph in the same year and Condition.
TPC-00191,2026-07-22,2026,UNKNOWN,,5.2,ARCHIVE_ONLY,MEDIUM,,Valid TPC evidence retained privately; below the 8.0 public threshold or redundant beside a stronger photograph in the same year and Condition.
TPC-00192,2026-07-26,2026,UNKNOWN,something-happened-here,5.2,ARCHIVE_ONLY,MEDIUM,,Valid TPC evidence retained privately; below the 8.0 public threshold or redundant beside a stronger photograph in the same year and Condition.
TPC-00193,2026-07-27,2026,UNKNOWN,while-we-were-here,5.9,ARCHIVE_ONLY,MEDIUM,SEQ-CANDIDATE-037,Valid TPC evidence retained privately; below the 8.0 public threshold or redundant beside a stronger photograph in the same year and Condition.
TPC-00194,2026-07-27,2026,UNKNOWN,,6.7,ARCHIVE_ONLY,MEDIUM,SEQ-CANDIDATE-037,Valid TPC evidence retained privately; below the 8.0 public threshold or redundant beside a stronger photograph in the same year and Condition.
TPC-00195,2026-07-27,2026,UNKNOWN,while-we-were-here,6.0,ARCHIVE_ONLY,MEDIUM,,Valid TPC evidence retained privately; below the 8.0 public threshold or redundant beside a stronger photograph in the same year and Condition.
TPC-00198,2026-07-28,2026,UNKNOWN,between-places,5.3,ARCHIVE_ONLY,MEDIUM,SEQ-CANDIDATE-039,Valid TPC evidence retained privately; below the 8.0 public threshold or redundant beside a stronger photograph in the same year and Condition.
TPC-00199,2026-07-28,2026,UNKNOWN,the-things-i-didnt-go-looking-for,5.3,ARCHIVE_ONLY,MEDIUM,SEQ-CANDIDATE-039,Valid TPC evidence retained privately; below the 8.0 public threshold or redundant beside a stronger photograph in the same year and Condition.
TPC-00200,2026-07-30,2026,UNKNOWN,nothing-happened-here,5.2,ARCHIVE_ONLY,MEDIUM,,Valid TPC evidence retained privately; below the 8.0 public threshold or redundant beside a stronger photograph in the same year and Condition.
TPC-00201,2026-08-01,2026,UNKNOWN,while-we-were-here,6.0,ARCHIVE_ONLY,MEDIUM,,Valid TPC evidence retained privately; below the 8.0 public threshold or redundant beside a stronger photograph in the same year and Condition.
TPC-00202,2026-08-03,2026,UNKNOWN,while-we-were-here,5.3,ARCHIVE_ONLY,MEDIUM,,Valid TPC evidence retained privately; below the 8.0 public threshold or redundant beside a stronger photograph in the same year and Condition.
TPC-00203,2026-08-03,2026,UNKNOWN,while-we-were-here,5.3,ARCHIVE_ONLY,MEDIUM,SEQ-CANDIDATE-040,Valid TPC evidence retained privately; below the 8.0 public threshold or redundant beside a stronger photograph in the same year and Condition.
TPC-00204,2026-08-03,2026,UNKNOWN,between-places,6.0,ARCHIVE_ONLY,MEDIUM,SEQ-CANDIDATE-040,Valid TPC evidence retained privately; below the 8.0 public threshold or redundant beside a stronger photograph in the same year and Condition.
TPC-00205,2026-08-03,2026,UNKNOWN,while-we-were-here,5.4,ARCHIVE_ONLY,MEDIUM,SEQ-CANDIDATE-040,Valid TPC evidence retained privately; below the 8.0 public threshold or redundant beside a stronger photograph in the same year and Condition.
TPC-00206,2026-08-05,2026,UNKNOWN,between-places,6.7,ARCHIVE_ONLY,MEDIUM,,Valid TPC evidence retained privately; below the 8.0 public threshold or redundant beside a stronger photograph in the same year and Condition.
TPC-00207,2026-08-05,2026,UNKNOWN,while-we-were-here,5.2,ARCHIVE_ONLY,MEDIUM,,Valid TPC evidence retained privately; below the 8.0 public threshold or redundant beside a stronger photograph in the same year and Condition.
TPC-00208,2026-08-06,2026,UNKNOWN,the-things-i-didnt-go-looking-for,5.3,ARCHIVE_ONLY,MEDIUM,SEQ-CANDIDATE-041,Valid TPC evidence retained privately; below the 8.0 public threshold or redundant beside a stronger photograph in the same year and Condition.
TPC-00209,2026-08-06,2026,UNKNOWN,while-we-were-here,5.3,ARCHIVE_ONLY,MEDIUM,SEQ-CANDIDATE-041,Valid TPC evidence retained privately; below the 8.0 public threshold or redundant beside a stronger photograph in the same year and Condition.
TPC-00210,2026-08-06,2026,UNKNOWN,nothing-happened-here,5.3,ARCHIVE_ONLY,MEDIUM,SEQ-CANDIDATE-041,Valid TPC evidence retained privately; below the 8.0 public threshold or redundant beside a stronger photograph in the same year and Condition.
TPC-00211,2026-08-06,2026,UNKNOWN,nothing-happened-here,5.2,ARCHIVE_ONLY,MEDIUM,,Valid TPC evidence retained privately; below the 8.0 public threshold or redundant beside a stronger photograph in the same year and Condition.
TPC-00212,2026-08-12,2026,UNKNOWN,between-places,6.0,ARCHIVE_ONLY,MEDIUM,SEQ-CANDIDATE-042,Valid TPC evidence retained privately; below the 8.0 public threshold or redundant beside a stronger photograph in the same year and Condition.
TPC-00213,2026-08-12,2026,UNKNOWN,while-we-were-here,6.0,ARCHIVE_ONLY,MEDIUM,SEQ-CANDIDATE-042,Valid TPC evidence retained privately; below the 8.0 public threshold or redundant beside a stronger photograph in the same year and Condition.
TPC-00214,2026-08-13,2026,UNKNOWN,,5.3,ARCHIVE_ONLY,MEDIUM,,Valid TPC evidence retained privately; below the 8.0 public threshold or redundant beside a stronger photograph in the same year and Condition.
TPC-00215,2026-08-15,2026,ARRANGEMENT,nothing-happened-here,7.4,ARCHIVE_ONLY,MEDIUM,,Valid TPC evidence retained privately; below the 8.0 public threshold or redundant beside a stronger photograph in the same year and Condition.
TPC-00216,2026-08-15,2026,UNKNOWN,while-we-were-here,5.2,ARCHIVE_ONLY,MEDIUM,,Valid TPC evidence retained privately; below the 8.0 public threshold or redundant beside a stronger photograph in the same year and Condition.
TPC-00217,2026-08-15,2026,UNKNOWN,while-we-were-here,6.1,ARCHIVE_ONLY,MEDIUM,,Valid TPC evidence retained privately; below the 8.0 public threshold or redundant beside a stronger photograph in the same year and Condition.
TPC-00218,2026-08-15,2026,CO-PRESENCE,while-we-were-here,7.5,ARCHIVE_ONLY,MEDIUM,,Valid TPC evidence retained privately; below the 8.0 public threshold or redundant beside a stronger photograph in the same year and Condition.
TPC-00219,2026-08-15,2026,UNKNOWN,while-we-were-here,5.2,ARCHIVE_ONLY,MEDIUM,,Valid TPC evidence retained privately; below the 8.0 public threshold or redundant beside a stronger photograph in the same year and Condition.
TPC-00221,2026-08-18,2026,UNKNOWN,while-we-were-here,5.3,ARCHIVE_ONLY,MEDIUM,SEQ-CANDIDATE-043,Valid TPC evidence retained privately; below the 8.0 public threshold or redundant beside a stronger photograph in the same year and Condition.
TPC-00222,2026-08-18,2026,UNKNOWN,while-we-were-here,5.3,ARCHIVE_ONLY,MEDIUM,SEQ-CANDIDATE-043,Valid TPC evidence retained privately; below the 8.0 public threshold or redundant beside a stronger photograph in the same year and Condition.
TPC-00223,2026-08-18,2026,UNKNOWN,while-we-were-here,5.3,ARCHIVE_ONLY,MEDIUM,SEQ-CANDIDATE-043,Valid TPC evidence retained privately; below the 8.0 public threshold or redundant beside a stronger photograph in the same year and Condition.
TPC-00224,2026-08-18,2026,UNKNOWN,while-we-were-here,5.3,ARCHIVE_ONLY,MEDIUM,SEQ-CANDIDATE-043,Valid TPC evidence retained privately; below the 8.0 public threshold or redundant beside a stronger photograph in the same year and Condition.
TPC-00225,2026-08-18,2026,UNKNOWN,the-things-i-didnt-go-looking-for,5.3,ARCHIVE_ONLY,MEDIUM,SEQ-CANDIDATE-043,Valid TPC evidence retained privately; below the 8.0 public threshold or redundant beside a stronger photograph in the same year and Condition.
TPC-00226,2026-08-20,2026,UNKNOWN,something-happened-here,6.0,ARCHIVE_ONLY,MEDIUM,SEQ-CANDIDATE-044,Valid TPC evidence retained privately; below the 8.0 public threshold or redundant beside a stronger photograph in the same year and Condition.
TPC-00227,2026-08-20,2026,UNKNOWN,things-that-existed-for-me,5.3,ARCHIVE_ONLY,MEDIUM,SEQ-CANDIDATE-044,Valid TPC evidence retained privately; below the 8.0 public threshold or redundant beside a stronger photograph in the same year and Condition.
TPC-00228,2026-08-20,2026,UNKNOWN,between-places,5.3,ARCHIVE_ONLY,MEDIUM,SEQ-CANDIDATE-045,Valid TPC evidence retained privately; below the 8.0 public threshold or redundant beside a stronger photograph in the same year and Condition.
TPC-00229,2026-08-20,2026,UNKNOWN,while-we-were-here,5.9,ARCHIVE_ONLY,MEDIUM,SEQ-CANDIDATE-045,Valid TPC evidence retained privately; below the 8.0 public threshold or redundant beside a stronger photograph in the same year and Condition.
TPC-00230,2026-08-20,2026,UNKNOWN,between-places,6.0,ARCHIVE_ONLY,MEDIUM,SEQ-CANDIDATE-045,Valid TPC evidence retained privately; below the 8.0 public threshold or redundant beside a stronger photograph in the same year and Condition.
TPC-00231,2026-08-20,2026,CONTRADICTION,while-we-were-here,7.5,ARCHIVE_ONLY,MEDIUM,SEQ-CANDIDATE-045,Valid TPC evidence retained privately; below the 8.0 public threshold or redundant beside a stronger photograph in the same year and Condition.
TPC-00232,2026-08-20,2026,CROSSING,while-we-were-here,7.5,ARCHIVE_ONLY,MEDIUM,SEQ-CANDIDATE-045,Valid TPC evidence retained privately; below the 8.0 public threshold or redundant beside a stronger photograph in the same year and Condition.
TPC-00233,2026-08-20,2026,UNKNOWN,between-places,5.9,ARCHIVE_ONLY,MEDIUM,SEQ-CANDIDATE-045,Valid TPC evidence retained privately; below the 8.0 public threshold or redundant beside a stronger photograph in the same year and Condition.
TPC-00234,2026-08-20,2026,UNKNOWN,while-we-were-here,5.2,ARCHIVE_ONLY,MEDIUM,,Valid TPC evidence retained privately; below the 8.0 public threshold or redundant beside a stronger photograph in the same year and Condition.
TPC-00280,2026-08-23,2026,UNKNOWN,the-things-i-didnt-go-looking-for,6.0,ARCHIVE_ONLY,MEDIUM,,Valid TPC evidence retained privately; below the 8.0 public threshold or redundant beside a stronger photograph in the same year and Condition.
TPC-00281,2026-08-24,2026,UNKNOWN,something-happened-here,8.6,SEQUENCE_MEMBER,HIGH,SEQ-TRACE-2026-01,Transformation or residue is visually legible; the frame has sufficient structure to carry the trace without explanatory dependence.
TPC-00282,2026-08-24,2026,UNKNOWN,something-happened-here,8.6,SEQUENCE_MEMBER,HIGH,SEQ-TRACE-2026-01,Transformation or residue is visually legible; the frame has sufficient structure to carry the trace without explanatory dependence.
TPC-00235,,,UNKNOWN,things-that-existed-for-me,8.5,CURATED,HIGH,,The framing gives a clear visual reason for attention to stop and contributes a distinct atmosphere or geometry.
TPC-00236,,,FOUND,the-things-i-didnt-go-looking-for,7.4,ARCHIVE_ONLY,MEDIUM,,Valid TPC evidence retained privately; below the 8.0 public threshold or redundant beside a stronger photograph in the same year and Condition.
TPC-00283,,,UNKNOWN,something-happened-here,8.3,CURATED,MEDIUM,,Transformation or residue is visually legible; the frame has sufficient structure to carry the trace without explanatory dependence.
